id,value,userid
1,EmailMarketing,1
2,FitnessMotivation,1
3,WisdomWednesday,1
4,FarmToTable,1
5,Organic,1
6,ManCrushMonday,1
7,Vegan,1
8,IntermittentFasting,1
9,DoGood,1
10,BlackLivesMatter,2
11,HealthyEating,2
12,DisneyPlus,2
13,DigitalMarketing,2
14,Adventure,2
15,FairTrade,2
16,PetsOfInstagram,2
17,Art,2
18,Keto,2
19,Fashion,3
20,RemoteWork,3
21,Marketing,3
22,InteriorDesign,3
23,Pride,3
24,WorkoutMotivation,3
25,Organic,4
26,BeachLife,4
27,FitnessMotivation,4
28,Entrepreneur,4
29,Cityscape,4
30,VaccinesWork,4
31,Sustainability,4
32,TransformationTuesday,4
33,Adventure,4
34,Wanderlust,5
35,Goals,5
36,Drake,5
37,Meditation,5
38,SocialMediaMarketing,5
39,MCM,5
40,Grateful,5
41,FarmToTable,6
42,LoveWins,6
43,TBT,6
44,Pride,6
45,FlashbackFriday,6
46,WorkoutMotivation,6
47,Hamilton,6
48,Vegan,6
49,Wanderlust,7
50,Nature,7
51,FOMO,7
52,ShopSmall,7
53,DigitalMarketing,7
54,Bookstagram,7
55,DIY,7
56,MondayBlues,7
57,Innovation,7
58,Organic,7
59,VaccinesWork,8
60,Leadership,8
61,Camping,8
62,CustomerService,8
63,FitnessJourney,8
64,LoveWins,8
65,MCM,8
66,ManCrushMonday,8
67,CustomerService,9
68,Vote,9
69,Instagood,9
70,MCM,9
71,ContentMarketing,9
72,TransformationTuesday,10
73,TBT,10
74,Cityscape,10
75,Productivity,10
76,Productivity,10
77,MaskUp,10
78,TheCrown,10
79,Startup,10
80,HarryStyles,10
81,Nature,10
82,GiveBack,11
83,ShopSmall,11
84,Adventure,11
85,FBF,11
86,IntermittentFasting,11
87,FBF,11
88,GameOfThrones,11
89,RemoteWork,11
90,DoGood,12
91,MaskUp,12
92,Instagood,12
93,ContentMarketing,12
94,BTS,12
95,SelfieSunday,12
96,Bookstagram,13
97,Marketing,13
98,ClimateStrike,13
99,WorkoutMotivation,13
100,FarmToTable,13
101,Vegan,13
102,Organic,13
103,EmailMarketing,13
104,Productivity,13
105,Drake,13
106,Hamilton,14
107,PetsOfInstagram,14
108,WCW,14
109,Fashion,14
110,ThrowbackThursday,14
111,SundayFunday,14
112,Vegan,15
113,Leadership,15
114,SEO,15
115,IntermittentFasting,15
116,Adele,15
117,Sunset,15
118,Productivity,15
119,GlutenFree,15
120,Vote,16
121,Adventure,16
122,GlutenFree,16
123,MotivationMonday,16
124,GiveBack,16
125,TGIF,16
126,Blessed,16
127,GameOfThrones,17
128,Paleo,17
129,Vote,17
130,Instagood,17
131,Vote,17
132,FBF,17
133,ShopSmall,17
134,Pride,18
135,Adele,18
136,TransformationTuesday,18
137,TGIF,18
138,WisdomWednesday,18
139,StayHome,18
140,InteriorDesign,18
141,FarmToTable,18
142,LoveWins,18
143,Vote,18
144,Hamilton,19
145,SocialMediaMarketing,19
146,SocialMediaMarketing,19
147,TigerKing,19
148,PetsOfInstagram,19
149,ManCrushMonday,19
150,PlantBased,19
151,RemoteWork,19
152,StayHome,19
153,FBF,20
154,TheCrown,20
155,KindnessMatters,20
156,Art,20
157,Fashion,20
158,TGIF,20
159,ShopSmall,20
160,Fashion,20
161,Yoga,20
162,Vote,21
163,GlutenFree,21
164,Art,21
165,Kardashians,21
166,LoveWins,21
167,ThrowbackThursday,21
168,WorkoutMotivation,21
169,Adele,21
170,VaccinesWork,21
171,KindnessMatters,21
172,Goals,22
173,PlantBased,22
174,Adventure,22
175,Entrepreneur,22
176,COVID19,22
177,PetsOfInstagram,23
178,SupportLocal,23
179,SEO,23
180,RoadTrip,23
181,Innovation,23
182,GiveBack,23
183,GlutenFree,23
184,Nature,23
185,DoGood,23
186,IntermittentFasting,24
187,ThrowbackThursday,24
188,BeachLife,24
189,CustomerExperience,24
190,BlackLivesMatter,24
191,HarryStyles,24
192,WCW,24
193,OOTD,24
194,Instagood,24
195,PlantBased,25
196,SocialMediaMarketing,25
197,Vote,25
198,RemoteWork,25
199,MondayBlues,25
200,WomenCrushWednesday,25
201,DoGood,25
202,DisneyPlus,25
203,StayHome,25
204,WomenCrushWednesday,26
205,CustomerExperience,26
206,KindnessMatters,26
207,EmailMarketing,26
208,TGIF,26
209,TigerKing,26
210,FitnessMotivation,26
211,Foodie,26
212,TigerKing,27
213,Yoga,27
214,Travelgram,27
215,VaccinesWork,27
216,GameOfThrones,27
217,RemoteWork,27
218,BeachLife,27
219,ClimateStrike,27
220,TaylorSwift,27
221,ShopSmall,27
222,BeachLife,28
223,StayHome,28
224,BeachLife,28
225,Goals,28
226,DisneyPlus,28
227,Vegan,28
228,FitnessMotivation,28
229,FitnessJourney,29
230,DigitalMarketing,29
231,Gardening,29
232,Entrepreneur,29
233,Kardashians,29
234,SEO,29
235,Beyonce,29
236,IntermittentFasting,29
237,FairTrade,29
238,Nature,29
239,BTS,30
240,DoGood,30
241,BTS,30
242,Entrepreneur,30
243,DIY,30
244,Productivity,30
245,DIY,31
246,Paleo,31
247,ContentMarketing,31
248,Drake,31
249,CustomerService,31
250,Paleo,31
251,HarryStyles,32
252,GameOfThrones,32
253,FairTrade,32
254,Paleo,32
255,StrangerThings,32
256,TaylorSwift,32
257,RemoteWork,32
258,GameOfThrones,32
259,InteriorDesign,32
260,BrandBuilding,32
261,Bookstagram,33
262,RemoteWork,33
263,Vote,33
264,SocialMediaMarketing,33
265,WCW,33
266,FitnessMotivation,34
267,MaskUp,34
268,MondayBlues,34
269,ShopSmall,34
270,ThrowbackThursday,34
271,NetflixAndChill,35
272,SocialMediaMarketing,35
273,SupportLocal,35
274,Fashion,35
275,TBT,35
276,MeToo,35
277,Art,35
278,Bookstagram,35
279,DisneyPlus,35
280,Wanderlust,36
281,Sunset,36
282,Grateful,36
283,CustomerService,36
284,StayHome,36
285,Innovation,36
286,MotivationMonday,37
287,Mindfulness,37
288,Cityscape,37
289,NetflixAndChill,37
290,ThrowbackThursday,37
291,COVID19,38
292,HarryStyles,38
293,PicOfTheDay,38
294,FitnessJourney,38
295,Travelgram,38
296,Camping,38
297,FairTrade,38
298,WomenCrushWednesday,38
299,PicOfTheDay,39
300,StayHome,39
301,WisdomWednesday,39
302,Camping,39
303,FitnessMotivation,39
304,TheCrown,40
305,FOMO,40
306,FairTrade,40
307,SupportLocal,40
308,FBF,40
309,Camping,40
310,SEO,40
311,PetsOfInstagram,41
312,ManCrushMonday,41
313,Blessed,41
314,DIY,41
315,CustomerService,41
316,Hamilton,42
317,SocialMediaMarketing,42
318,Foodie,42
319,LoveWins,42
320,DoGood,42
321,EmailMarketing,42
322,MeToo,42
323,Foodie,43
324,KindnessMatters,43
325,FOMO,43
326,MCM,43
327,Yoga,43
328,BrandBuilding,44
329,DigitalMarketing,44
330,PlantBased,44
331,PlantBased,44
332,TheCrown,44
333,EmailMarketing,44
334,Vegan,45
335,Keto,45
336,MCM,45
337,TaylorSwift,45
338,RoadTrip,45
339,TGIF,45
340,Innovation,45
341,EmailMarketing,45
342,IntermittentFasting,46
343,TigerKing,46
344,PicOfTheDay,46
345,KindnessMatters,46
346,WisdomWednesday,46
347,PlantBased,46
348,Kardashians,47
349,FitnessMotivation,47
350,BrandBuilding,47
351,Bookstagram,47
352,Sunset,47
353,Paleo,47
354,GlutenFree,47
355,HarryStyles,47
356,HarryStyles,48
357,GiveBack,48
358,DIY,48
359,GiveBack,48
360,FlashbackFriday,48
361,TigerKing,48
362,KindnessMatters,48
363,TaylorSwift,48
364,Marketing,48
365,CustomerExperience,48
366,MotivationMonday,49
367,ThrowbackThursday,49
368,ClimateStrike,49
369,Vote,49
370,Startup,49
371,FairTrade,49
372,ManCrushMonday,49
373,FairTrade,49
374,TheCrown,49
375,MeToo,49
376,StayHome,50
377,Adventure,50
378,Paleo,50
379,Foodie,50
380,TigerKing,50
381,FlashbackFriday,50
382,MondayBlues,51
383,BlackLivesMatter,51
384,Vote,51
385,DigitalMarketing,51
386,EmailMarketing,51
387,Kardashians,51
388,Adele,51
389,SupportLocal,51
390,Vegan,51
391,Leadership,52
392,FitnessMotivation,52
393,GiveBack,52
394,ContentMarketing,52
395,RoadTrip,52
396,Bookstagram,52
397,Instagood,52
398,Hamilton,52
399,BrandBuilding,52
400,ShopSmall,52
401,Paleo,53
402,Marketing,53
403,COVID19,53
404,MeToo,53
405,MeToo,53
406,Paleo,53
407,GlutenFree,53
408,OOTD,53
409,Camping,53
410,PlantBased,53
411,Grateful,54
412,Blessed,54
413,TGIF,54
414,TBT,54
415,SmallBusiness,54
416,EmailMarketing,54
417,DisneyPlus,54
418,Podcast,54
419,Startup,54
420,Innovation,55
421,DisneyPlus,55
422,NetflixAndChill,55
423,GiveBack,55
424,Camping,55
425,Sunset,55
426,BlackLivesMatter,55
427,Bookstagram,55
428,Blessed,55
429,COVID19,56
430,GameOfThrones,56
431,MotivationMonday,56
432,Kardashians,56
433,TBT,56
434,FBF,56
435,Drake,56
436,Gardening,56
437,MeToo,56
438,BrandBuilding,56
439,Drake,57
440,SocialMediaMarketing,57
441,Adventure,57
442,SmallBusiness,57
443,WomenCrushWednesday,57
444,Startup,57
445,Podcast,57
446,HealthyEating,57
447,TheCrown,58
448,Adele,58
449,FarmToTable,58
450,InteriorDesign,58
451,TGIF,58
452,WisdomWednesday,58
453,TaylorSwift,58
454,BeachLife,58
455,BrandBuilding,58
456,CustomerExperience,58
457,PlantBased,59
458,VaccinesWork,59
459,Travelgram,59
460,GiveBack,59
461,Vegan,59
462,Productivity,59
463,HarryStyles,59
464,FairTrade,59
465,Camping,60
466,RoadTrip,60
467,MaskUp,60
468,Podcast,60
469,TBT,60
470,BlackLivesMatter,60
471,Fashion,60
472,CustomerExperience,60
473,HarryStyles,60
474,GlutenFree,61
475,Sustainability,61
476,StrangerThings,61
477,TransformationTuesday,61
478,Meditation,61
479,GiveBack,61
480,WorkoutMotivation,61
481,CustomerExperience,61
482,NetflixAndChill,61
483,InteriorDesign,62
484,LoveWins,62
485,Marketing,62
486,Kardashians,62
487,LoveWins,62
488,GameOfThrones,62
489,Foodie,62
490,WomenCrushWednesday,62
491,BTS,62
492,NetflixAndChill,63
493,TGIF,63
494,Meditation,63
495,RemoteWork,63
496,LoveWins,63
497,SocialMediaMarketing,63
498,GiveBack,63
499,Goals,63
500,Leadership,64
501,BrandBuilding,64
502,GiveBack,64
503,Art,64
504,TBT,64
505,FOMO,64
506,FairTrade,64
507,HarryStyles,64
508,Vote,64
509,DoGood,64
510,WorkoutMotivation,65
511,CustomerExperience,65
512,Entrepreneur,65
513,ClimateStrike,65
514,StrangerThings,65
515,Startup,65
516,BeachLife,65
517,NetflixAndChill,65
518,Meditation,65
519,BeachLife,65
520,SocialMediaMarketing,66
521,HealthyEating,66
522,CustomerService,66
523,StayHome,66
524,ManCrushMonday,66
525,LoveWins,66
526,MaskUp,66
527,Mindfulness,66
528,Startup,66
529,GiveBack,67
530,CustomerService,67
531,SupportLocal,67
532,Adventure,67
533,DIY,67
534,Adventure,67
535,Wanderlust,67
536,LoveWins,67
537,LoveWins,67
538,MotivationMonday,68
539,GameOfThrones,68
540,COVID19,68
541,Sustainability,68
542,Blessed,68
543,StayHome,68
544,SEO,69
545,PetsOfInstagram,69
546,Marketing,69
547,SEO,69
548,FitnessJourney,69
549,MotivationMonday,69
550,Grateful,69
551,TBT,69
552,Mindfulness,69
553,ShopSmall,70
554,VaccinesWork,70
555,Leadership,70
556,SEO,70
557,Wanderlust,70
558,Adele,70
559,WCW,70
560,ThrowbackThursday,70
561,ThrowbackThursday,71
562,SmallBusiness,71
563,ShopSmall,71
564,Paleo,71
565,ThrowbackThursday,71
566,FOMO,71
567,Travelgram,71
568,SEO,71
569,MeToo,71
570,PicOfTheDay,72
571,RemoteWork,72
572,Wanderlust,72
573,KindnessMatters,72
574,ManCrushMonday,72
575,WorkoutMotivation,72
576,Bookstagram,72
577,MaskUp,72
578,Grateful,72
579,InteriorDesign,73
580,Gardening,73
581,VaccinesWork,73
582,SmallBusiness,73
583,Startup,73
584,WCW,74
585,PetsOfInstagram,74
586,Podcast,74
587,EmailMarketing,74
588,Foodie,74
589,TheCrown,74
590,LoveWins,74
591,MondayBlues,74
592,Goals,75
593,PlantBased,75
594,FitnessJourney,75
595,RemoteWork,75
596,WisdomWednesday,75
597,Travelgram,75
598,ShopSmall,75
599,TheCrown,75
600,CustomerService,75
601,Adventure,76
602,Keto,76
603,FOMO,76
604,Fashion,76
605,Yoga,76
606,MeToo,77
607,RoadTrip,77
608,Art,77
609,HealthyEating,77
610,MondayBlues,77
611,Vegan,77
612,ManCrushMonday,77
613,Startup,77
614,FlashbackFriday,78
615,WCW,78
616,Keto,78
617,WCW,78
618,DigitalMarketing,78
619,WomenCrushWednesday,78
620,WCW,78
621,Pride,78
622,Innovation,79
623,Leadership,79
624,ManCrushMonday,79
625,FOMO,79
626,Travelgram,79
627,MondayBlues,79
628,SmallBusiness,79
629,Goals,79
630,Blessed,79
631,Blessed,79
632,Productivity,80
633,MeToo,80
634,FitnessJourney,80
635,CustomerExperience,80
636,Paleo,80
637,ClimateStrike,80
638,Foodie,80
639,DoGood,80
640,Bookstagram,81
641,Paleo,81
642,Paleo,81
643,Gardening,81
644,WorkoutMotivation,81
645,Productivity,81
646,Art,81
647,HealthyEating,82
648,TigerKing,82
649,StayHome,82
650,SEO,82
651,HarryStyles,82
652,LoveWins,83
653,WomenCrushWednesday,83
654,TigerKing,83
655,Nature,83
656,Podcast,83
657,Startup,83
658,WomenCrushWednesday,83
659,FitnessJourney,84
660,Beyonce,84
661,CustomerService,84
662,ShopSmall,84
663,TaylorSwift,84
664,Sustainability,84
665,MotivationMonday,84
666,ManCrushMonday,84
667,LoveWins,84
668,Cityscape,85
669,ContentMarketing,85
670,Kardashians,85
671,RemoteWork,85
672,VaccinesWork,85
673,Marketing,85
674,Keto,85
675,IntermittentFasting,86
676,GameOfThrones,86
677,Foodie,86
678,Hamilton,86
679,SocialMediaMarketing,86
680,FitnessMotivation,86
681,FitnessJourney,86
682,LoveWins,86
683,RoadTrip,86
684,HealthyEating,86
685,Art,87
686,IntermittentFasting,87
687,Sunset,87
688,MondayBlues,87
689,TGIF,87
690,HarryStyles,87
691,NetflixAndChill,87
692,VaccinesWork,87
693,TheCrown,87
694,TGIF,87
695,Podcast,88
696,Drake,88
697,Beyonce,88
698,Blessed,88
699,SelfieSunday,88
700,ManCrushMonday,89
701,Bookstagram,89
702,IntermittentFasting,89
703,Productivity,89
704,BlackLivesMatter,89
705,Paleo,89
706,Mindfulness,89
707,Yoga,90
708,MaskUp,90
709,Nature,90
710,DoGood,90
711,Mindfulness,90
712,CustomerService,90
713,Leadership,90
714,FlashbackFriday,90
715,GiveBack,91
716,GameOfThrones,91
717,BrandBuilding,91
718,MeToo,91
719,Kardashians,91
720,FarmToTable,91
721,BTS,91
722,TheCrown,91
723,ManCrushMonday,91
724,HarryStyles,91
725,EmailMarketing,92
726,Camping,92
727,Yoga,92
728,Blessed,92
729,PicOfTheDay,92
730,FairTrade,93
731,ManCrushMonday,93
732,Goals,93
733,Grateful,93
734,WisdomWednesday,93
735,FBF,93
736,NetflixAndChill,93
737,Paleo,94
738,WisdomWednesday,94
739,Podcast,94
740,WomenCrushWednesday,94
741,PetsOfInstagram,94
742,SocialMediaMarketing,94
743,Keto,94
744,Hamilton,95
745,BrandBuilding,95
746,Camping,95
747,ShopSmall,95
748,Nature,95
749,CustomerExperience,95
750,Grateful,95
751,HarryStyles,95
752,WisdomWednesday,95
753,Grateful,96
754,Marketing,96
755,Leadership,96
756,GameOfThrones,96
757,Adele,96
758,Beyonce,96
759,BTS,96
760,FOMO,96
761,Hamilton,96
762,Goals,97
763,SmallBusiness,97
764,Nature,97
765,Instagood,97
766,DigitalMarketing,97
767,Sunset,97
768,SEO,97
769,Kardashians,97
770,ShopSmall,97
771,Sustainability,98
772,Camping,98
773,TransformationTuesday,98
774,TGIF,98
775,Goals,98
776,SmallBusiness,99
777,BrandBuilding,99
778,RemoteWork,99
779,ThrowbackThursday,99
780,MondayBlues,99
781,BrandBuilding,100
782,EmailMarketing,100
783,COVID19,100
784,Camping,100
785,Productivity,100
786,SupportLocal,100
787,LoveWins,100
788,TheCrown,100
